Organization,Followed On
Future Electronics,Sun Feb 08 14:35:14 UTC 2026
Bath Fitter,Tue Feb 03 17:14:18 UTC 2026
Éclairage Axis,Tue Feb 03 17:09:46 UTC 2026
PBY Capital,Tue Feb 03 17:04:38 UTC 2026
Vector Institute,Fri Jan 23 20:48:19 UTC 2026
Emballages Mitchel Lincoln,Wed Jan 21 15:33:59 UTC 2026
Hyzo,Wed Jan 21 15:10:37 UTC 2026
Exchange Sublet,Fri Jan 16 16:50:25 UTC 2026
"IBM Data, AI & Automation",Sat Jan 10 02:56:25 UTC 2026
ASEQ | Studentcare,Tue Jan 06 18:02:07 UTC 2026
Cisco,Sat Dec 27 02:45:08 UTC 2025
Ardent Security,Thu Nov 27 16:03:10 UTC 2025
"LGS, une société IBM",Thu Nov 27 16:02:13 UTC 2025
Microsoft Azure,Thu Nov 27 16:01:21 UTC 2025
Defence Research and Development Canada | Recherche et développement pour la défense Canada,Thu Nov 27 16:01:20 UTC 2025
Microsoft Learn,Thu Nov 27 16:01:19 UTC 2025
Cisco Networking Academy,Thu Nov 27 16:01:18 UTC 2025
Public Services and Procurement Canada | Services publics et Approvisionnement Canada,Thu Nov 27 15:58:11 UTC 2025
Statistics Canada | Statistique Canada,Thu Nov 27 15:58:09 UTC 2025
AWS Training & Certification,Thu Nov 27 15:55:56 UTC 2025
Bell,Thu Nov 27 15:55:54 UTC 2025
Department of Justice Canada | Ministère de la Justice du Canada,Thu Nov 27 15:55:52 UTC 2025
Cyber Security News ®,Thu Nov 27 15:55:50 UTC 2025
CompTIA,Thu Nov 27 15:55:48 UTC 2025
Radio-Canada,Thu Nov 27 15:55:34 UTC 2025
IBM,Thu Nov 27 15:55:33 UTC 2025
Government of Canada,Thu Nov 27 15:55:32 UTC 2025
BASF | Black Academic Scholarship Fund - Fonds d’Études Académiques Pour les Noir·e·s,Thu Nov 27 15:50:45 UTC 2025
Hoodi.ai,Thu Nov 13 14:03:06 UTC 2025
Acumatica,Thu Nov 13 14:02:28 UTC 2025
Sogeclair,Thu Nov 13 14:00:29 UTC 2025
ENTOURAGE,Mon Nov 10 16:15:50 UTC 2025
Stripe,Sat Nov 08 18:22:41 UTC 2025
Hitachi Cyber,Fri Oct 03 23:19:18 UTC 2025
Flare,Tue Sep 16 12:56:03 UTC 2025
Recochem Inc.,Tue Sep 02 14:05:31 UTC 2025
Augment Code,Mon Aug 04 19:20:58 UTC 2025
GitHub,Fri Jul 25 05:31:58 UTC 2025
Amazon Web Services (AWS),Fri Jul 25 05:31:58 UTC 2025
Rand Accessories Inc.,Sun Jul 06 14:09:59 UTC 2025
Citylogix,Fri Jun 20 00:57:45 UTC 2025
Assignment Writing for Students,Sun Jun 15 17:33:15 UTC 2025
M-LAI,Wed May 07 16:51:02 UTC 2025
Centiva,Thu Apr 10 01:08:05 UTC 2025
Vaco by Highspring,Tue Apr 08 17:42:52 UTC 2025
Quesys,Mon Mar 03 23:04:36 UTC 2025
Everline Tech,Mon Mar 03 22:26:29 UTC 2025
Le Sentier-The Trail,Mon Mar 03 22:08:13 UTC 2025
Cyber Edition,Mon Mar 03 18:40:19 UTC 2025
Anthropic,Fri Feb 28 02:07:38 UTC 2025
OpenAI,Fri Feb 28 02:03:31 UTC 2025
Groupe  Nouveau Pont Ile aux Tourtes,Fri Feb 28 01:50:59 UTC 2025
Sika,Mon Feb 24 13:21:02 UTC 2025
Tecsys Inc.,Fri Feb 21 16:34:54 UTC 2025
Kiewit,Mon Feb 17 16:35:59 UTC 2025
Vantage Marketing Canada,Sat Feb 15 01:16:01 UTC 2025
StreetScan,Fri Feb 14 22:11:45 UTC 2025
Grass Valley,Wed Feb 12 13:49:37 UTC 2025
Leavoda,Wed Feb 12 13:46:04 UTC 2025
SGS,Tue Feb 11 17:39:39 UTC 2025
Vidéotron,Tue Feb 11 03:46:46 UTC 2025
Y Combinator,Sat Feb 08 04:31:01 UTC 2025
EXFO,Fri Feb 07 19:45:07 UTC 2025
act digital EMEA - Alter Solutions,Fri Feb 07 19:44:35 UTC 2025
I-TRACING,Fri Feb 07 19:42:08 UTC 2025
Project Management,Fri Feb 07 19:41:06 UTC 2025
Groupe AGF Inc.,Fri Feb 07 16:11:47 UTC 2025
DoorDash,Thu Feb 06 22:06:07 UTC 2025
GTI Canada,Thu Feb 06 16:33:14 UTC 2025
Empire Life,Thu Feb 06 16:33:06 UTC 2025
Vaco,Thu Feb 06 16:32:46 UTC 2025
Ad Hoc Research,Wed Feb 05 16:43:57 UTC 2025
Desjardins,Tue Feb 04 18:42:18 UTC 2025
Ededge Groups,Tue Feb 04 17:13:12 UTC 2025
Botpress,Tue Feb 04 17:06:13 UTC 2025
Intelliswift - An LTTS Company,Mon Feb 03 22:18:23 UTC 2025
Techo-Bloc,Mon Feb 03 22:17:52 UTC 2025
Plusgrade,Mon Feb 03 16:36:52 UTC 2025
Oeson Learning,Mon Feb 03 13:21:45 UTC 2025
Druide informatique,Sun Feb 02 02:34:49 UTC 2025
Anomaily,Sat Feb 01 19:04:27 UTC 2025
we+ consultants,Fri Jan 31 01:51:32 UTC 2025
TALSOM,Wed Jan 29 04:06:24 UTC 2025
UGROUPMEDIA INC,Wed Jan 29 03:53:23 UTC 2025
SéQCure,Wed Jan 29 03:32:06 UTC 2025
CyberSpective Inc.,Wed Jan 29 03:31:54 UTC 2025
Akamai Technologies,Wed Jan 29 02:32:51 UTC 2025
eSentire,Tue Jan 21 22:19:27 UTC 2025
BlackBerry,Tue Jan 21 22:18:33 UTC 2025
Snyk,Tue Jan 21 22:16:40 UTC 2025
"Immigration, Refugees and Citizenship Canada / Immigration, Réfugiés et Citoyenneté Canada",Mon Nov 11 04:09:54 UTC 2024
Canada Border Services Agency | Agence des services frontaliers du Canada,Tue Aug 20 03:11:30 UTC 2024
Rogers Communications,Sat Jul 27 01:08:54 UTC 2024
Canada Revenue Agency - Agence du revenu du Canada,Sat Jul 27 01:08:30 UTC 2024
Fonds Gabonais d'Investissements Stratégiques (FGIS),Sat Jul 27 01:08:23 UTC 2024
Admaco Business Machines Ltd.,Wed May 29 06:35:29 UTC 2024
Naval Marine Archive The Canadian Collection,Thu May 23 19:41:48 UTC 2024
Brunel,Thu May 23 19:29:26 UTC 2024