Date/Time,Media Description,Media Link
"You uploaded a photo on November 19, 2025 at 11:12 PM (GMT)", -,https://media.licdn.com/dms/image/v2/D4E21AQFcf64EN8w9GA/plfm-displayapplogo-shrink_800_800/B4EZqeY.eSKcAU-/0/1763593940698?e=1772208000&v=beta&t=4BxPkkUudfZSQwOZ8hE2IUIJZIiKpp4sg2A4JztYWCM
"You uploaded a photo on October 21, 2025 at 5:21 PM (GMT)", -,https://media.licdn.com/dms/image/v2/D4E03AQFnFcrDu0z4fQ/profile-displayphoto-scale_200_200/B4EZoHyo46GUAY-/0/1761067307029?e=1773273600&v=beta&t=yMRVLAcDGlwkSAb09njuyK1bq-DV6JUk5o4WANypZ44
"You uploaded a profile background photo on October 21, 2025 at 5:06 PM (GMT)", -,https://media.licdn.com/dms/image/v2/D4E16AQGscrPrFt4fXA/profile-displaybackgroundimage-shrink_350_1400/B4EZoHvJOJIQAc-/0/1761066391272?e=1773273600&v=beta&t=ohuLzGGC8vdUO7m67Y_d9imyCS7_lzi63QKiXOezgPA
"You uploaded a profile background photo on October 21, 2025 at 5:06 PM (GMT)", -,https://media.licdn.com/dms/image/v2/D4E04AQGddvHg0auOUQ/profile-background-servable-original-image/B4EZoHvJN.HoAI-/0/1761066391394?e=1773273600&v=beta&t=6WlKHyH8ZLCEqPexzPeKrEYNffIkjQHoaBfwTfRljxE
"You uploaded a document on August 28, 2025 at 7:18 PM (GMT)", -,https://media.licdn.com/dms/document/media/v2/D4E2DAQHrWX3JtfJzYg/profile-treasury-document-chunked-pdf/B4EZjyHmVhIUBc-/0/1756408737094?e=1772208000&v=beta&t=OJAa88QR1lst16N4LONbWPC-Q_D_RJwR6nYDitDLEZs
"You uploaded a profile background photo on February 10, 2025 at 1:39 PM (GMT)", -,https://media.licdn.com/dms/image/v2/D4E04AQG2iHf3-fqNeQ/profile-originalbackgroundimage-shrink_396_1584/B4EZTwFohxGwAQ-/0/1739194799870?e=1773273600&v=beta&t=jR3IZ8jAPkFLgkN3uNuy9iJMBkz2myJQacETfVI_k7E
"You uploaded a profile background photo on February 10, 2025 at 1:39 PM (GMT)", -,https://media.licdn.com/dms/image/v2/D4E16AQEbnxAfG7PETA/profile-displaybackgroundimage-shrink_350_1400/B4EZTwFog0GgAc-/0/1739194796691?e=1773273600&v=beta&t=DPVFINaIX2yv2Cy0SXE258G5eAQEPVG6WrCrZdyg-Bg
"You uploaded a profile background photo on February 10, 2025 at 1:39 PM (GMT)", -,https://media.licdn.com/dms/image/v2/D4E04AQHltp3T8xzCjA/profile-originalbackgroundimage-shrink_396_1584/B4EZTwFfRNGgAU-/0/1739194761927?e=1773273600&v=beta&t=jZofG2AoT9wfFFDTVYhmPiM-3qC80wMUkWhumywFBRI
"You uploaded a profile background photo on February 10, 2025 at 1:39 PM (GMT)", -,https://media.licdn.com/dms/image/v2/D4E16AQEfSsvgKQoGTA/profile-displaybackgroundimage-shrink_350_1400/B4EZTwFfQ1GwAc-/0/1739194759001?e=1773273600&v=beta&t=7CpSeuDmEu_uQhAfPBJf39F-mpmNSiS5wBXEs4cjieE
"You uploaded a profile photo on August 4, 2021 at 1:47 PM (GMT)", -,https://media.licdn.com/dms/image/v2/C4E04AQHBdi4xpNJENA/profile-originalphoto-shrink_900_1200/profile-originalphoto-shrink_900_1200/0/1628084837097?e=1773273600&v=beta&t=hWwnYDJvZxLL2_e0KKoIu9O6M3plbFGO_CGUYZJUO1c
